建置單位,縣市,行政區,站名,物理UUID,物理量,單位,經度,緯度,監測站代號,
桃園市政府水務局,桃園市,八德區,藝墅天地站,91704867-e796-49f2-a2ff-9440156e68ff,水位,m,121.28601,24.94771,3802500RV20,
桃園市政府水務局,桃園市,桃園區,興邦路31巷,e3a17caa-9e0a-48cc-9034-67f21e0e00c5,水位,m,121.32326,24.98412,3802500RV21,
桃園市政府水務局,桃園市,中壢區,洽溪六號橋站,3bf1783f-3fe6-49e1-91ff-079af9551baf,水位,m,121.20013,25.01807,3802500RV49,
桃園市政府水務局,桃園市,桃園區,星見橋站,a567a4a9-56a8-4e48-99e8-d745c5e4a085,水位,m,121.28258,25.00995,3802500RV33,
桃園市政府水務局,桃園市,大園區,心園橋,5c799d97-a8cd-473d-a368-5a51778cbfd9,水位,m,121.19875,25.05919,3802500RV8,
桃園市政府水務局,桃園市,中壢區,埔頂橋,a3ff4474-8218-4a06-b1ce-73401b093ec0,水位,m,121.22874,24.95553,3802500RV10,
桃園市政府水務局,桃園市,觀音區,三合橋,132c84a4-34ce-47e8-a788-4a11a896b1c8,水位,m,121.08823,25.02599,3802500RV13,
桃園市政府水務局,桃園市,桃園區,大興橋,d90821b3-c227-4b37-a206-f93b72e9fe60,水位,m,121.30789,25.01519,3802500RV1,
桃園市政府水務局,桃園市,觀音區,富林橋,6241410d-d44d-43ba-a588-9bb47394b202,水位,m,121.1151,25.03585,3802500RV12,
桃園市政府水務局,桃園市,新屋區,笨仔港橋,cb6ad226-6691-4bd9-bdd5-aa61924c2af2,水位,m,121.02695,24.98295,3802500RV18,
桃園市政府水務局,桃園市,大園區,許厝港一號橋,be713f42-dd40-43bc-81fe-a3f1b47bd6f7,水位,m,121.17741,25.07751,3802500RV9,
桃園市政府水務局,桃園市,平鎮區,新富橋,1988d784-6adf-4623-b570-2101f04ade7b,水位,m,121.20771,24.93213,3802500RV5,
桃園市政府水務局,桃園市,大園區,大埔橋站,6bd5e8c9-cdca-4b04-bc68-5c0270dd5a68,水位,m,121.21012,25.07485,3802500RV46,
桃園市政府水務局,桃園市,中壢區,領航南橋,571fd268-a102-449f-94c9-5deaf5d70ea7,水位,m,121.21088,25.00104,3802500RV7,
桃園市政府水務局,桃園市,八德區,西坡渠站,74b7f38a-c8e4-4bd6-9d5a-76ff07cc4a23,水位,m,121.31867,24.96878,3802500RV44,
桃園市政府水務局,桃園市,觀音區,大堀二號橋,4756c702-8411-4ef9-9a5a-a59783fade12,水位,m,121.12545,25.00229,3802500RV11,
桃園市政府水務局,桃園市,八德區,連城橋,83624c14-12bc-435a-8918-89c4e6304088,水位,m,121.27536,24.93204,3802500RV43,
桃園市政府水務局,桃園市,觀音區,富霖橋站,236d7d84-071e-4b5b-9008-4778f1db048b,水位,m,121.12588,25.05262,3802500RV28,
桃園市政府水務局,桃園市,八德區,永安橋,36d2ebf0-3b8e-498a-ae21-4105823eb5b9,水位,m,121.28255,24.98684,3802500RV4,
桃園市政府水務局,桃園市,桃園區,中路滯洪池,828a6459-bba9-403b-81ab-1c8a15ce70c2,水位,m,121.28538,25.00766,3802500RV69,
桃園市政府水務局,桃園市,中壢區,老街溪橋,b2c0cce5-3f52-4c1e-90ea-0840718151ca,水位,m,121.21957,24.96618,3802500RV6,
桃園市政府水務局,桃園市,楊梅區,月眉橋,95356bb7-aad9-4be8-8c51-f2deff7871f2,水位,m,121.14593,24.9186,3802500RV16,
桃園市政府水務局,桃園市,八德區,大灣溝站,9aaf2899-01a3-468a-8544-92c8557f46bd,水位,m,121.30917,24.96305,3802500RV45,
桃園市政府水務局,桃園市,楊梅區,老飯店橋,863f9e44-3ff5-4711-b0a0-a6dc4b2c5fa8,水位,m,121.12379,24.93612,3802500RV17,
桃園市政府水務局,桃園市,大園區,崁下橋,8980cd2a-d5fd-493d-a537-93da82b4d5bd,水位,m,121.26274,25.08341,3802500RV2,
桃園市政府水務局,桃園市,新屋區,新屋橋,e1079755-72fb-4506-892c-da530df691ac,水位,m,121.11266,24.97036,3802500RV14,
桃園市政府水務局,桃園市,平鎮區,滿庭芳站,ab60cd8e-127f-4299-8d21-1186d50dbe4d,水位,m,121.23065,24.93103,3802500RV29,
桃園市政府水務局,桃園市,新屋區,觀新橋,b3a50261-1587-443c-bf44-068555e7afa9,水位,m,121.05994,25.01137,3802500RV15,
桃園市政府水務局,桃園市,桃園區,興邦路43巷,83e4ee9a-ef98-45cd-a1b6-9280abe1ebf9,水位,m,121.326844,24.979408,3802500MP003,
彰化縣政府水資處,彰化縣,大城鄉,下海墘抽水站-外水,083532a1-4192-4949-aa48-161f8a05af2b,水位,m,120.275772,23.864911,3764700RV0019004,
彰化縣政府水資處,彰化縣,大城鄉,下海墘抽水站-內水,ae945801-db39-40d5-9eef-33b4e4847193,水位,m,120.275772,23.864911,3764700RV0019006,
彰化縣政府水資處,彰化縣,秀水鄉,員林大排水RW1,c2ff524d-1faa-4643-8a73-54b337545c59,水位,m,120.494773,24.003612,3764700RV0018815,
彰化縣政府水資處,彰化縣,大城鄉,魚寮溪潭林橋,88689414-6bf0-49d9-9ebe-d14bbcb66702,水位,m,120.3604,23.8565,3764700RV1110012,
彰化縣政府水資處,彰化縣,伸港鄉,伸港圳抽水站-外水,eb95f78d-6164-4bbc-b3ac-babaabc4847f,水位,m,120.471469,24.16878,3764700RV0019002,
彰化縣政府水資處,彰化縣,和美鎮,番雅溝排水RW2,9045127a-0058-4fd3-bc64-ff9248f73789,水位,m,120.504836,24.103846,3764700RV0018814,
彰化縣政府水資處,彰化縣,芳苑鄉,二林溪排水RW2,7dade9de-6e35-4dc9-ba84-e4962791ad71,水位,m,120.322924,23.933649,3764700RV0018822,
彰化縣政府水資處,彰化縣,彰化市,洋仔厝溪排水RW2,1a955528-662d-41d6-926a-b1cf7073a934,水位,m,120.51121,24.070669,3764700RV0018823,
彰化縣政府水資處,彰化縣,埤頭鄉,萬興排水4,1b12b788-fa21-4c12-b2fe-2268dbaf2197,水位,m,120.4657,23.8908,3764700RV1110046,
彰化縣政府水資處,彰化縣,溪湖鎮,舊濁水溪排水RW2,0233c78e-a139-4ad2-bdc7-5993b3010e28,水位,m,120.474858,23.922081,3764700RV0018816,
彰化縣政府水資處,彰化縣,芳苑鄉,芳苑二排外水位站,263eaf2f-8fb8-4a18-bc3d-b1c605c5428e,水位,m,120.3151,23.9287,3764700RV1110034,
彰化縣政府水資處,彰化縣,二林鎮,萬興排水RW2,b4545b71-55c1-4542-9412-a143067894b0,水位,m,120.41819,23.953189,3764700RV0018824,
彰化縣政府水資處,彰化縣,芳苑鄉,芳苑二排內水位站,f3993a50-66dd-4b85-b71b-54e2f5d03910,水位,m,120.3151,23.9287,3764700RV1110035,
彰化縣政府水資處,彰化縣,芳苑鄉,二林溪排水RW3,47f43d51-fef8-4a72-afe9-d276518e04b6,水位,m,120.35334,23.902322,3764700RV0018825,
彰化縣政府水資處,彰化縣,彰化市,番雅溝排水RW3,1b794371-d875-4100-ab4e-b0c55a28163b,水位,m,120.524317,24.085708,3764700RV0018817,
彰化縣政府水資處,彰化縣,鹿港鎮,鹿港抽水站-外水,d27df80e-aebc-4f40-86f0-f24c24a86984,水位,m,120.40712,24.058389,3764700RV0019005,
彰化縣政府水資處,彰化縣,埤頭鄉,保庄橋,cf5112ec-2e0d-4efa-8c9e-a41d61d472e3,水位,m,120.4639,23.8966,3764700RV1110045,
彰化縣政府水資處,彰化縣,二林鎮,二林溪排水RW1,0dbd73bd-6eb7-4217-8315-fd2d92a2b13a,水位,m,120.374015,23.887111,3764700RV0018818,
彰化縣政府水資處,彰化縣,芳苑鄉,舊趙甲排水RW1,23f5fe78-6165-42b1-b6d5-036ead834a1e,水位,m,120.379968,23.932941,3764700RV0018813,
彰化縣政府水資處,彰化縣,福興鄉,舊濁水溪排水RW1,b994fe2d-f229-4d0c-b3db-3610920122ac,水位,m,120.403338,24.042571,3764700RV0018811,
彰化縣政府水資處,彰化縣,芳苑鄉,王功排水外水位站,93bf5275-1ff0-4101-9fb5-ead652eb3778,水位,m,120.3285,23.9665,3764700RV1110024,
彰化縣政府水資處,彰化縣,二林鎮,文明橋,8d1f5b2a-f1db-4316-809e-31804f776de7,水位,m,120.4244,23.9378,3764700RV1110041,
彰化縣政府水資處,彰化縣,大城鄉,魚寮溪與中西排水匯流處,84ce1064-01aa-4ca7-8fca-01cf04e14c47,水位,m,120.337,23.8597,3764700RV1110011,
彰化縣政府水資處,彰化縣,福興鄉,員林大排水RW3,1b0236c9-bc86-45fb-b0ef-15e2c514ba62,水位,m,120.442537,24.038293,3764700RV0018821,
彰化縣政府水資處,彰化縣,大城鄉,魚寮溪河口,31a24334-f862-44bc-ab2b-f9d263f4105f,水位,m,120.2888,23.8751,3764700RV1110010,
彰化縣政府水資處,彰化縣,員林市,員林大排水RW4,eb0767dd-887c-4050-985c-0500223aefc4,水位,m,120.565025,23.94501,3764700RV0018826,
彰化縣政府水資處,彰化縣,鹿港鎮,洋仔厝溪排水RW1,e3ca9a33-80f3-4942-88b0-e0ef5524bd7f,水位,m,120.441434,24.094757,3764700RV0018820,
彰化縣政府水資處,彰化縣,鹿港鎮,鹿港抽水站-內水,3ae40e98-fdf3-4551-b2b7-73ed1ad50a01,水位,m,120.40712,24.058389,3764700RV0019003,
彰化縣政府水資處,彰化縣,社頭鄉,員林大排水RW2,9564194c-eef8-4c4e-99b4-75464d482d5c,水位,m,120.593051,23.925434,3764700RV0018819,
彰化縣政府水資處,彰化縣,芳苑鄉,萬興排水RW1,796848af-4a58-445b-a5e7-75c4cba8fd37,水位,m,120.358966,23.990718,3764700RV0018812,
彰化縣政府水資處,彰化縣,鹿港鎮,番雅溝排水RW1,805abd31-d49f-4831-9d63-eddb4eefe055,水位,m,120.446303,24.126403,3764700RV0018810,
彰化縣政府水資處,彰化縣,芳苑鄉,王功排水內水位站,3db882e5-d013-450b-8051-1bb5f0c0901f,水位,m,120.3285,23.9665,3764700RV1110032,
彰化縣政府水資處,彰化縣,二林鎮,萬興排水RW3,265c1060-cd3c-4bb2-bee5-a753fde2cc35,水位,m,120.445377,23.909258,3764700RV0018827,
彰化縣政府水資處,彰化縣,伸港鄉,伸港圳抽水站-內水,b559bcd8-d338-4914-a0a1-7677d41d45ae,水位,m,120.471469,24.16878,3764700RV0019001,
雲林縣政府水利處,雲林縣,麥寮鄉,施厝寮排水二,ec126bc9-f25a-406c-97ae-47e12a3f4f83,水位,m,120.26807,23.782478,3764900RV004,
雲林縣政府水利處,雲林縣,大埤鄉,延潭排水三,e84b016c-b371-4a10-a41f-7b2803437fdd,水位,m,120.42212,23.65095,3764900RV069,
雲林縣政府水利處,雲林縣,麥寮鄉,新虎尾溪二,37d7f866-0abe-42a6-b749-8e3c4747d184,水位,m,120.24564,23.740381,3764900RV009,
雲林縣政府水利處,雲林縣,褒忠鄉,馬公厝排水七,aae0a494-9591-41c6-81c2-bcd94d88907a,水位,m,120.34048,23.7032,3764900RV028,
雲林縣政府水利處,雲林縣,水林鄉,牛挑灣溪排水四,0bfc7b4b-ac5c-4eba-86cf-98cd059bf4e3,水位,m,120.25591,23.62974,3764900RV051,
雲林縣政府水利處,雲林縣,臺西鄉,馬公厝排水二,25773457-936e-4abe-a8f1-133474be9062,水位,m,120.21938,23.68373,3764900RV023,
雲林縣政府水利處,雲林縣,土庫鎮,新虎尾溪四,287fadb0-8c81-443d-86ce-fa9dd1acb9db,水位,m,120.37513,23.746343,3764900RV011,
雲林縣政府水利處,雲林縣,莿桐鄉,新虎尾溪七,e7da23f6-746a-4a31-aa6c-bbe5c51805ea,水位,m,120.50816,23.751498,3764900RV014,
雲林縣政府水利處,雲林縣,東勢鄉,馬公厝排水三,b86b799f-eb1d-4119-8ba5-71d5d110a038,水位,m,120.23931,23.688626,3764900RV024,
雲林縣政府水利處,雲林縣,臺西鄉,馬公厝排水一,ec38b1da-9ab4-41e7-b922-6517e260c9e8,水位,m,120.18907,23.698893,3764900RV022,
雲林縣政府水利處,雲林縣,虎尾鎮,有才寮排水七,52607c75-bac3-4447-836b-fc7fea74fbf3,水位,m,120.4044,23.718791,3764900RV021,
雲林縣政府水利處,雲林縣,臺西鄉,新虎尾溪一,c60dc04a-a12e-4109-8480-7df2d930199e,水位,m,120.22372,23.761861,3764900RV008,
雲林縣政府水利處,雲林縣,褒忠鄉,馬公厝排水四,41ce4dec-cca7-44ef-8aeb-e9fa1c056403,水位,m,120.27494,23.695011,3764900RV025,
雲林縣政府水利處,雲林縣,臺西鄉,舊虎尾溪排水二,9433f121-dc7a-403c-96c7-31e164376105,水位,m,120.18099,23.679923,3764900RV030,
雲林縣政府水利處,雲林縣,口湖鄉,羊稠厝排水三,0723fbf7-7cdf-44b2-b57d-54c6a7d705e5,水位,m,120.19756,23.61425,3764900RV047,
雲林縣政府水利處,雲林縣,口湖鄉,飛砂大排一,0a9672ac-f0d2-4933-9f2c-47d3acbf118f,水位,m,120.1674,23.618046,3764900RV043,
雲林縣政府水利處,雲林縣,土庫鎮,湳仔排水一,fafc155a-8c13-4b41-99b0-1355ceac79f2,水位,m,120.3998,23.6662,3764900RV070,
雲林縣政府水利處,雲林縣,虎尾鎮,湳仔排水二,d22f37b6-15bd-40fa-84c8-28c51945a8b7,水位,m,120.40381,23.680831,3764900RV071,
雲林縣政府水利處,雲林縣,臺西鄉,舊虎尾溪排水一,e1d86ec4-8e5e-4659-a88a-bbe3e64be051,水位,m,120.18405,23.695005,3764900RV029,
雲林縣政府水利處,雲林縣,二崙鄉,八角亭排水二,d1a9a418-5349-4543-bb33-90e3a06e8cd5,水位,m,120.365,23.779101,3764900RV041,
雲林縣政府水利處,雲林縣,水林鄉,蔦松排水四,931cbe84-8807-4c19-b0fc-05c904b7f9d2,水位,m,120.22803,23.519233,3764900RV060,
雲林縣政府水利處,雲林縣,崙背鄉,施厝寮排水四,311c65f5-11e9-4178-865b-e2f9fb9caebb,水位,m,120.33523,23.77158,3764900RV006,
雲林縣政府水利處,雲林縣,土庫鎮,客仔厝排水三,38ded2c4-fe94-4b3d-9b3b-b60e04fa071d,水位,m,120.3662,23.659941,3764900RV066,
雲林縣政府水利處,雲林縣,褒忠鄉,馬公厝排水五,b8b575b1-a465-48eb-860b-e85f24942d70,水位,m,120.29029,23.69694,3764900RV026,
雲林縣政府水利處,雲林縣,水林鄉,尖山排水四,dbc1faef-604d-4201-9b7c-d7dbbdd0cc77,水位,m,120.23081,23.550058,3764900RV056,
雲林縣政府水利處,雲林縣,二崙鄉,大義崙排水一,364f796c-3d63-493b-8590-f01550d144df,水位,m,120.39153,23.798526,3764900RV001,
雲林縣政府水利處,雲林縣,四湖鄉,林厝寮排水一,81987127-a9e0-438f-ab56-665b7a275b8f,水位,m,120.16028,23.672,3764900RV038,
雲林縣政府水利處,雲林縣,褒忠鄉,有才寮排水五,3678ce3d-a40f-481c-a68f-393900a44933,水位,m,120.32998,23.724161,3764900RV079,
雲林縣政府水利處,雲林縣,二崙鄉,大義崙排水二,2d078f26-f548-41ac-b00e-60d4f65f609a,水位,m,120.41755,23.780578,3764900RV002,
雲林縣政府水利處,雲林縣,北港鎮,新街排水二,fb7e3f67-5882-41f4-9e27-0631eb533c64,水位,m,120.27926,23.562341,3764900RV062,
雲林縣政府水利處,雲林縣,臺西鄉,有才寮排水二,a71e0ec5-9520-47a3-be54-c821126d876d,水位,m,120.21673,23.735211,3764900RV078,
雲林縣政府水利處,雲林縣,口湖鄉,羊稠厝排水二,db1ff6ab-61f9-46d9-bb88-1453f42cf61a,水位,m,120.17906,23.617283,3764900RV046,
雲林縣政府水利處,雲林縣,臺西鄉,有才寮排水一,f82a9bb3-1946-4945-ade2-06a094027685,水位,m,120.19299,23.738266,3764900RV015,
雲林縣政府水利處,雲林縣,虎尾鎮,湳仔排水三,c37d24fb-60fe-4cff-be77-d46cd9ba1cce,水位,m,120.42436,23.700091,3764900RV072,
雲林縣政府水利處,雲林縣,水林鄉,新街排水一,ef2143f0-cf4b-40dd-a731-1e339b06ce58,水位,m,120.26406,23.53816,3764900RV061,
雲林縣政府水利處,雲林縣,崙背鄉,施厝寮排水五,e88f2092-2eb3-4938-8efb-9aefba947385,水位,m,120.35199,23.774298,3764900RV007,
雲林縣政府水利處,雲林縣,土庫鎮,舊虎尾溪排水八,eeb6133d-c977-4168-a774-7a6955d10d03,水位,m,120.38424,23.678636,3764900RV037,
雲林縣政府水利處,雲林縣,東勢鄉,有才寮排水三,b0017124-873c-4c83-afbd-c59b7a31bdc4,水位,m,120.2484,23.729293,3764900RV074,
雲林縣政府水利處,雲林縣,虎尾鎮,湳仔排水二,669a13fd-cc59-4b43-bb43-31cf03888b66,水位,m,120.40381,23.680831,3764900RV071,
雲林縣政府水利處,雲林縣,口湖鄉,牛挑灣溪排水二,b2948fd7-def1-4b32-a94f-b4ebd01d8f48,水位,m,120.17952,23.569765,3764900RV049,
雲林縣政府水利處,雲林縣,崙背鄉,施厝寮排水三,e237d23a-0ae1-4b59-9adc-fe8a13030b7f,水位,m,120.30862,23.780681,3764900RV005,
雲林縣政府水利處,雲林縣,口湖鄉,牛挑灣溪排水一,bc393b9f-823a-4fa6-a971-ceb28ef8687d,水位,m,120.15741,23.544881,3764900RV048,
雲林縣政府水利處,雲林縣,北港鎮,新街排水三,790a73c0-884d-4be7-8b4f-ab477d3744d8,水位,m,120.29254,23.582095,3764900RV063,
雲林縣政府水利處,雲林縣,褒忠鄉,有才寮排水四,1e72b90a-562b-43f0-9aa3-4659b706952b,水位,m,120.30814,23.72356,3764900RV018,
雲林縣政府水利處,雲林縣,四湖鄉,舊虎尾溪排水四,ab5c2e13-bef8-4035-b5ea-dfb00ef5b9b7,水位,m,120.26073,23.66174,3764900RV032,
雲林縣政府水利處,雲林縣,口湖鄉,蔦松排水一,2db34c8a-8e8e-456f-9aeb-166d826bb832,水位,m,120.16683,23.521971,3764900RV057,
雲林縣政府水利處,雲林縣,元長鄉,舊虎尾溪排水五,1d7f73ce-40a3-4053-9604-51dcfe8fec08,水位,m,120.28107,23.676481,3764900RV033,
雲林縣政府水利處,雲林縣,元長鄉,舊虎尾溪排水六,864692df-a60d-4365-b159-238f68fc3a12,水位,m,120.31167,23.68916,3764900RV034,
雲林縣政府水利處,雲林縣,四湖鄉,林厝寮排水二,5075ecd2-32b2-47c6-8edf-06ed13e4dee4,水位,m,120.17692,23.658985,3764900RV039,
雲林縣政府水利處,雲林縣,口湖鄉,尖山排水一,c259f248-3dd6-4f16-92f3-a08d4f791b38,水位,m,120.16116,23.52725,3764900RV052,
雲林縣政府水利處,雲林縣,麥寮鄉,施厝寮排水一,d8de6ba1-1de8-4d1a-9a1a-43a3ff5542c0,水位,m,120.24676,23.786806,3764900RV003,
雲林縣政府水利處,雲林縣,大埤鄉,延潭排水二,3f86b1e2-60fb-464d-918f-b9f5125c8143,水位,m,120.40272,23.645775,3764900RV068,
雲林縣政府水利處,雲林縣,口湖鄉,羊稠厝排水一,6ddd6175-e583-4bc0-8a6d-8caace12a778,水位,m,120.17359,23.608173,3764900RV045,
雲林縣政府水利處,雲林縣,水林鄉,蔦松排水三,35ad434c-1eb9-40f7-9690-5db210e1db46,水位,m,120.20523,23.529968,3764900RV059,
雲林縣政府水利處,雲林縣,四湖鄉,箔子寮排水一,0fcb62ba-f2bb-43a3-a77a-abb9b340948e,水位,m,120.14619,23.631133,3764900RV042,
雲林縣政府水利處,雲林縣,口湖鄉,尖山排水二,86b83fd3-5631-41fa-b0f7-9181e7fafcd6,水位,m,120.18726,23.541605,3764900RV053,
雲林縣政府水利處,雲林縣,褒忠鄉,馬公厝排水六,d960d29e-fa62-4c4e-837a-1a7247e71140,水位,m,120.32075,23.708538,3764900RV027,
雲林縣政府水利處,雲林縣,土庫鎮,舊虎尾溪排水七,2b3da196-cf11-4e7a-8a92-8e901f6fa9af,水位,m,120.34394,23.684835,3764900RV035,
雲林縣政府水利處,雲林縣,口湖鄉,蔦松排水二,c6e2c95e-756b-4eb0-aaff-0bb129040f41,水位,m,120.18546,23.529618,3764900RV058,
雲林縣政府水利處,雲林縣,水林鄉,尖山排水三,8ea33fe0-076c-463f-bd94-e58e0e1aac97,水位,m,120.22328,23.548933,3764900RV055,
雲林縣政府水利處,雲林縣,元長鄉,客仔厝排水二,d237f9e4-c5d3-46ad-b46a-983f26f4fdfe,水位,m,120.35559,23.647076,3764900RV065,
雲林縣政府水利處,雲林縣,口湖鄉,下崙大排一,90da25c2-32b8-417f-84e3-5a0d092c5de0,水位,m,120.14682,23.604021,3764900RV044,
雲林縣政府水利處,雲林縣,北港鎮,客仔厝排水一,7ae71d6a-42e8-40a8-ae6f-5cc131b614ce,水位,m,120.33286,23.595845,3764900RV064,
雲林縣政府水利處,雲林縣,二崙鄉,新虎尾溪五,954855e4-f8e1-4b08-a290-156f3beb83db,水位,m,120.41203,23.745533,3764900RV012,
雲林縣政府水利處,雲林縣,崙背鄉,八角亭排水一,21e1f71b-fdea-451c-bfa5-23c8099b3b63,水位,m,120.34401,23.799438,3764900RV040,
雲林縣政府水利處,雲林縣,大埤鄉,延潭排水一,068580e9-8ed2-4c1a-b0e5-696a0cdcfef7,水位,m,120.37211,23.610636,3764900RV067,
雲林縣政府水利處,雲林縣,口湖鄉,牛挑灣溪排水三,dd72160a-1c52-4b72-b748-56e115b0555a,水位,m,120.19811,23.576965,3764900RV050,
雲林縣政府水利處,雲林縣,土庫鎮,新虎尾溪三,36d76ebe-4f65-4bb9-917d-52fe5d22524b,水位,m,120.34736,23.742151,3764900RV010,
雲林縣政府水利處,雲林縣,土庫鎮,有才寮排水六,a791d5cb-72b8-49cd-8f30-74c35a3f4dc3,水位,m,120.36024,23.717723,3764900RV020,
雲林縣政府水利處,雲林縣,臺西鄉,舊虎尾溪排水三,df021b2b-52c9-49da-aa8d-6fa6d8c22dfd,水位,m,120.20539,23.660796,3764900RV031,
臺南市政府水利局,臺南市,左鎮區,民生橋,ab8688f7-61f8-4344-899d-9a2909e0482a,水位,m,120.416897,23.035628,3952500DR0025,
臺南市政府水利局,臺南市,安南區,曾文溪排水無名橋,5f095601-c0e4-45b8-ac04-223ca1e62a71,水位,m,120.16175,23.024072,3952500DR0009,
臺南市政府水利局,臺南市,安南區,濱海橋,015cbb9c-e807-4ead-a072-a2c5354b6d95,水位,m,120.173667,23.023667,3952500DR0006,
臺南市政府水利局,臺南市,佳里區,北門橋,8602160b-1a0b-4868-b1d1-d3108a392ad7,水位,m,120.179889,23.173889,3952500DR0042,
臺南市政府水利局,臺南市,永康區,網寮橋,8d8a9b34-9877-4399-9811-c7f5dfa83e8b,水位,m,120.250464,22.998578,3952500DR0016,
臺南市政府水利局,臺南市,後壁區,魚寮橋,5cddc0a9-d8b5-4aff-af16-2acc8a23c889,水位,m,120.340539,23.369122,3952500DR0064,
臺南市政府水利局,臺南市,學甲區,南筏子頭橋,9525376b-ff0f-434e-94e8-75fe43f6ab24,水位,m,120.166667,23.2745,3952500DR0052,
臺南市政府水利局,臺南市,鹽水區,頂洲橋,60acfed9-1348-40d9-bf65-f169e20674a9,水位,m,120.199944,23.273528,3952500DR0078,
臺南市政府水利局,臺南市,學甲區,箍寮橋,b0aa7599-da0f-44f4-a94a-dd598986fea4,水位,m,120.160972,23.23825,3952500DR0049,
臺南市政府水利局,臺南市,永康區,永康排水分洪閘門,4689a9e4-2421-4151-a0d1-dd7475bbb2f9,水位,m,120.253606,23.056972,3952500DR0017,
臺南市政府水利局,臺南市,七股區,埔尾橋,054679b6-c810-4a9b-be82-686d4bba5af8,水位,m,120.157969,23.153386,3952500DR0043,
臺南市政府水利局,臺南市,關廟區,北新大橋,6c252dd1-025a-4a52-9660-c17cfa8ad845,水位,m,120.3333,22.967447,3952500DR0038,
臺南市政府水利局,臺南市,新營區,竹圍後橋,76e04c7d-763b-465d-880e-eb9c74e974f1,水位,m,120.296706,23.340608,3952500DR0060,
臺南市政府水利局,臺南市,七股區,龍山漁港,1b7702df-6933-467e-8e7b-dc60f04f799a,水位,m,120.110722,23.137389,3952500DR0048,
臺南市政府水利局,臺南市,新化區,牛稠橋,e9ecc95c-0dfa-4d6d-91a4-2f2dee7b2876,水位,m,120.310797,23.055583,3952500DR0022,
臺南市政府水利局,臺南市,歸仁區,五甲教養院旁箱涵橋,8d168ee9-390e-48cf-95f7-e4181fb790c0,水位,m,120.287028,22.953389,3952500DR0020,
臺南市政府水利局,臺南市,新化區,穗芳橋,1b4c743f-7854-433f-a2c4-04fde28ef652,水位,m,120.312392,23.040958,3952500DR0021,
臺南市政府水利局,臺南市,安南區,總安橋,1fd3fe9d-87ba-4ed5-abcf-660d5884a98b,水位,m,120.209469,23.053244,3952500DR0013,
臺南市政府水利局,臺南市,仁德區,大甲橋,80b2a350-63e4-47ca-9c00-e6fb80bcb632,水位,m,120.198861,22.922972,3952500DR0029,
臺南市政府水利局,臺南市,新化區,新豐1號橋,763f4089-a5a1-42a1-98f4-5325f21fa3cc,水位,m,120.329417,23.023056,3952500DR0023,
臺南市政府水利局,臺南市,安南區,海西抽水站旁箱涵橋,5c6e8b15-c079-4206-9a08-c469cc4ee2c8,水位,m,120.170806,23.04,3952500DR0014,
臺南市政府水利局,臺南市,仁德區,港尾溝台86線下橋,e4c44327-e079-4a57-8008-271581f9a165,水位,m,120.261717,22.933817,3952500DR0032,
臺南市政府水利局,臺南市,六甲區,新文橋,d0cb0953-a9f4-4303-8110-286acbdb68d9,水位,m,120.312589,23.259914,3952500DR0066,
臺南市政府水利局,臺南市,學甲區,美豐橋,008cb0d4-1a87-4217-b793-35461ffd7496,水位,m,120.203306,23.215194,3952500DR0053,
臺南市政府水利局,臺南市,安南區,城西橋,f8be886b-31ac-4d4d-bc77-a36dec7be617,水位,m,120.088386,23.055667,3952500DR0011,
臺南市政府水利局,臺南市,仁德區,仁德滯洪北池,2ee64b1c-33ed-4b1a-ae21-2b6096a63844,水位,m,120.247414,22.965444,3952500DR0035,
臺南市政府水利局,臺南市,麻豆區,蘇厝滯洪池進水口,ce37d8be-013b-452a-9cd2-2f91af7a7d36,水位,m,120.254692,23.14055,3952500DR0085,
臺南市政府水利局,臺南市,後壁區,頂寮橋,6a4e8550-d5c8-4c30-8234-5975beaccab6,水位,m,120.352953,23.340608,3952500DR0061,
臺南市政府水利局,臺南市,仁德區,洋子下橋,031e939f-f7d8-41ed-a668-9af146f4d3c6,水位,m,120.242911,22.956167,3952500DR0027,
臺南市政府水利局,臺南市,永康區,永康排水出水口,7e95e5f5-1056-43e2-b8e0-f88669bae879,水位,m,120.232631,23.045228,3952500DR0019,
臺南市政府水利局,臺南市,後壁區,菁寮橋,8bf41497-d465-4897-ab4c-3f8276e9749a,水位,m,120.332622,23.377731,3952500DR0065,
臺南市政府水利局,臺南市,永康區,文化站,8e513ac8-b005-41af-95bf-ab5e828cb948,水位,m,120.254444,23.012972,3952500DR0018,
臺南市政府水利局,臺南市,學甲區,新田寮排水分洪水門外水位,e52ffc11-0fe1-4abd-af58-e7a636e311ac,水位,m,120.192211,23.267178,3952500DR0077,
臺南市政府水利局,臺南市,南區,喜樹抽水站,df8aed2a-6287-4ae7-b3c9-c6a8188aab6f,水位,m,120.180806,22.953778,3952500DR0001,
臺南市政府水利局,臺南市,安南區,海尾滯洪池,64ce8151-cd22-4f8a-a023-7d0a8a2ee866,水位,m,120.177505,23.037723,3952500DR0012,
臺南市政府水利局,臺南市,安定區,渡子頭橋,9d09d495-cdf6-45cc-a15d-108f09d230c3,水位,m,120.237389,23.089556,3952500DR0084,
臺南市政府水利局,臺南市,中西區,安平運河,0fd8bc77-a0a7-444c-a6b3-73915b96c1dd,水位,m,120.192461,22.995775,3952500DR0004,替代原民生截流站
臺南市政府水利局,臺南市,仁德區,仁德滯洪南池,739bcbc3-e188-4372-8842-e9603c691ec3,水位,m,120.247169,22.9613,3952500DR0036,
臺南市政府水利局,臺南市,南區,灣裡抽水站水門,139b4eb1-2ae5-4dd4-a430-7d45d7dc3b9b,水位,m,120.182444,22.91875,3952500DR0002,
臺南市政府水利局,臺南市,新營區,龜子港排水出口內水位,508aee5e-b659-4d67-8c18-c6cabaf29677,水位,m,120.279944,23.261903,3952500DR0068,
臺南市政府水利局,臺南市,柳營區,八老爺排水出口外水位,82d3b16c-c85e-4bdf-ab74-9c4a456b4cd6,水位,m,120.290333,23.262161,3952500DR0073,
臺南市政府水利局,臺南市,仁德區,五空橋,1f9f71a1-575f-4e29-bfa2-1ac12e053f6c,水位,m,120.221472,22.927333,3952500DR0026,
臺南市政府水利局,臺南市,安南區,安清城南路口,cf756e2f-c3ea-4a56-a3ed-0230b7ab4d8c,水位,m,120.124589,23.051208,3952500DR0010,
臺南市政府水利局,臺南市,柳營區,八老爺橋,d1e88e3d-a2ee-497b-a8cc-267bb10109df,水位,m,120.295889,23.276611,3952500DR0069,
臺南市政府水利局,臺南市,新營區,龜子港排水出口外水位,fb832881-522c-422c-8904-bbc8a65ebf44,水位,m,120.279444,23.261806,3952500DR0074,
臺南市政府水利局,臺南市,將軍區,華宗橋,93b5734b-011b-4206-a278-e1dd01d9d430,水位,m,120.173192,23.225197,3952500DR0056,
臺南市政府水利局,臺南市,學甲區,宅港橋,fe421cd5-5408-4b94-85bd-42588c769091,水位,m,120.203278,23.253358,3952500DR0051,
臺南市政府水利局,臺南市,新化區,帝溪橋,376d3460-c02b-46fb-ad39-6f6263862627,水位,m,120.314361,23.037278,3952500DR0024,
臺南市政府水利局,臺南市,柳營區,大腳腿水閘門外水位,7b5a9295-c017-42c1-856b-da86f058283b,水位,m,120.342667,23.294667,3952500DR0071,
臺南市政府水利局,臺南市,學甲區,德安橋,abb8d676-40a6-4136-b2b9-b37362da9538,水位,m,120.194389,23.248056,3952500DR0054,
臺南市政府水利局,臺南市,將軍區,青鯤鯓漁港,a1981336-6bb8-4465-bcac-c18051fc76d2,水位,m,120.086008,23.190717,3952500DR0050,
臺南市政府水利局,臺南市,七股區,十份橋,9f514549-0af5-4022-95d2-11cf91ff1420,水位,m,120.112356,23.098672,3952500DR0047,
臺南市政府水利局,臺南市,仁德區,港尾溝溪水門外水位,baf9d73d-7f0e-494f-839d-9b6ffa111284,水位,m,120.23175,22.919222,3952500DR0030,
臺南市政府水利局,臺南市,永康區,北辰橋,e79ea7bf-5374-4a92-bad5-4bebfbe8ba44,水位,m,120.213594,23.019769,3952500DR0003,
臺南市政府水利局,臺南市,仁德區,港尾溝溪水門內水位,2b92354f-0ae5-4f30-a77d-f8130c466970,水位,m,120.23175,22.919222,3952500DR0031,
臺南市政府水利局,臺南市,七股區,七股溪橋,33d02c43-e4bc-4422-9192-014f2df4f759,水位,m,120.132944,23.130056,3952500DR0046,
臺南市政府水利局,臺南市,下營區,橋頭港橋,e5a04e3c-e8d5-4302-a860-adc2f3f30523,水位,m,120.283722,23.229919,3952500DR0067,
臺南市政府水利局,臺南市,仁德區,鯽潭橋,624ef95c-ee59-456f-bbe4-d3f4034aaed6,水位,m,120.250444,22.991083,3952500DR0028,
臺南市政府水利局,臺南市,鹽水區,天保厝橋,f94b263b-14b4-481b-908a-a81392e80670,水位,m,120.235817,23.266686,3952500DR0080,
臺南市政府水利局,臺南市,安南區,怡安培安路口,da4e989e-f352-4887-a1ab-979796441a3d,水位,m,120.212333,23.040833,3952500DR0007,
臺南市政府水利局,臺南市,學甲區,茄芳橋,0e2b73ad-4899-4826-9528-92a3a9becbc1,水位,m,120.193178,23.279408,3952500DR0055,
臺南市政府水利局,臺南市,後壁區,菁寮排水出口內水位,9ab34708-0c04-4da2-b6c7-e019bb44cf0b,水位,m,120.289056,23.355922,3952500DR0059,
臺南市政府水利局,臺南市,後壁區,新東橋,1061c513-18b8-4a47-a331-f18da46e32d4,水位,m,120.327258,23.338608,3952500DR0062,
臺南市政府水利局,臺南市,鹽水區,番寮橋,9bf795fe-4338-4314-82b7-6b3c4f214392,水位,m,120.237444,23.298722,3952500DR0075,
臺南市政府水利局,臺南市,後壁區,菁寮排水出口外水位,e98c2fe9-a8f7-4abd-bb7d-a16f604029d0,水位,m,120.289056,23.355922,3952500DR0063,
臺南市政府水利局,臺南市,仁德區,港尾溝溪分洪匯流口,01e28928-8b25-4b20-91c2-b13113504dfc,水位,m,120.267678,22.903144,3952500DR0034,
臺南市政府水利局,臺南市,東山區,大腳腿水閘門內水位,6f772dbc-d379-4f11-82e9-e3259d319aa4,水位,m,120.338769,23.2955,3952500DR0070,
臺南市政府水利局,臺南市,鹽水區,舊營橋,0d8a8483-783b-48e7-a1ee-206170eed894,水位,m,120.2615,23.306833,3952500DR0079,
臺南市政府水利局,臺南市,仁德區,港尾溝溪分洪口,1f95a2ac-1d48-4151-8950-30075dad516f,水位,m,120.257125,22.927342,3952500DR0033,
臺南市政府水利局,臺南市,安南區,鹽水溪橋,df37dd70-f749-4615-99ac-9cacbdae2f2e,水位,m,120.192528,23.020222,3952500DR0008,
臺南市政府水利局,臺南市,永康區,永康排水分洪口,bb42b9b9-f9f7-4c69-b164-f9af6c34315e,水位,m,120.253217,23.050094,3952500DR0015,
臺南市政府水利局,臺南市,柳營區,八老爺排水出口內水位,dc5e49d2-92a7-4a5c-9536-2e5cb18cc538,水位,m,120.290461,23.2627,3952500DR0072,
臺南市政府水利局,臺南市,鹽水區,新田寮排水分洪水門內水位,cd6063a0-e32a-4f80-b624-109330fe0284,水位,m,120.192444,23.267611,3952500DR0076,
臺南市政府水利局,臺南市,佳里區,溪州橋,c052e297-b02d-4289-b7f8-de9cfd0cefa2,水位,m,120.181292,23.205203,3952500DR0041,
臺南市政府水利局,臺南市,善化區,灣裡橋,c27eaa52-aa90-45af-bdd3-563c7695e995,水位,m,120.290917,23.153389,3952500DR0081,
臺南市政府水利局,臺南市,北門區,鯤江橋,ba6427a6-7b46-45b0-9a17-a923057a5fe7,水位,m,120.131931,23.288858,3952500DR0058,
臺南市政府水利局,臺南市,七股區,後港排水無名橋,5a89b64c-9d48-4a99-b7df-702f19064bc1,水位,m,120.133475,23.173536,3952500DR0044,
臺南市政府水利局,臺南市,仁德區,萬代橋,15eb4a8b-bbe1-4dfa-ab22-e07107e92ce3,水位,m,120.249081,22.972069,3952500DR0037,
臺南市政府水利局,臺南市,西港區,劉厝橋,0ed106c6-75db-48ae-8c40-79ae6cf1e79a,水位,m,120.179833,23.130392,3952500DR0045,
臺南市政府水利局,臺南市,安定區,蘇厝橋,4ff8c632-345a-4aee-b536-454578ec0dfc,水位,m,120.250778,23.125931,3952500DR0083,
臺南市政府水利局,臺南市,安南區,顯宮橋,06ca8ddf-9677-4f90-8e67-c8a3b2340915,水位,m,120.138861,23.054778,3952500DR0005,
臺南市政府水利局,臺南市,麻豆區,埤頭橋,13031ee3-e82b-4c16-9854-33337f5db50d,水位,m,120.228694,23.191056,3952500DR0040,
臺南市政府水利局,臺南市,麻豆區,真理橋,eac96b15-57f7-4651-984a-dca121ea84d3,水位,m,120.220944,23.210592,3952500DR0039,
臺南市政府水利局,臺南市,柳營區,櫻花社區滯洪池,dfe72773-5767-43f3-9472-3cc8d0e2a729,水位,m,120.307872,23.273803,3952500DR0095,
臺南市政府水利局,臺南市,鹽水區,學甲15號水門,c57ed8b6-c78c-4ab3-9362-7c571beec11e,水位,m,120.193789,23.271036,3952500DR0057,
臺南市政府水利局,臺南市,新市區,新市橋,f46e12d4-9348-4f9f-ad64-0cb210403733,水位,m,120.292389,23.066053,3952500DR0082,
臺南市政府水利局,臺南市,麻豆區,蘇厝滯洪池進水口-外水,a2bfaee6-6ae1-4b37-91b5-48252616ec0a,水位,m,120.254692,23.14055,3952500DR0093,
高雄市政府水利局,高雄市,阿蓮區,嶺拔林橋,4e26342f-edcd-4e7a-9c95-017c5b4f8d7b,水位,m,120.3003611,22.84008333,3972500RV1012,
高雄市政府水利局,高雄市,岡山區,田厝橋,c4acfece-00c2-4834-ac57-f37c918c0fd7,水位,m,120.3174833,22.83631389,3972500RV1027,
高雄市政府水利局,高雄市,茄萣區,崎正橋,0e1ec330-181a-4f77-bf84-630b3c3ecb43,水位,m,120.1903694,22.87798611,3972500RV1026,
高雄市政府水利局,高雄市,彌陀區,齊天宮旁無名橋,b34e81c8-0872-44a6-afbe-87903e4687a0,水位,m,120.2375833,22.77533333,3972500RV1030,
高雄市政府水利局,高雄市,仁武區,仁武橋,cf440901-9a2e-4631-8c4c-9b6158e71fad,水位,m,120.3271389,22.70666667,3972500RV1022,
高雄市政府水利局,高雄市,大寮區,山仔頂橋,7497d68d-b8fa-42da-8cf8-a0986f4fb794,水位,m,120.38268,22.62961,3972500RV1033,
高雄市政府水利局,高雄市,鳥松區,夢松橋,e8f2a2f9-5a6d-4b63-b811-4e5e97507c2f,水位,m,120.3620556,22.66502778,3972500RV1016,
高雄市政府水利局,高雄市,楠梓區,德民新橋旁無名橋,bc2b5c3f-6f82-478f-b673-b17506961a56,水位,m,120.3220889,22.73433056,3972500RV1034,
高雄市政府水利局,高雄市,岡山區,寶公橋,fe1962d0-e147-4d1e-99e6-28de897f54ea,水位,m,120.293,22.77895,3972500RV1005,
高雄市政府水利局,高雄市,橋頭區,筆秀橋,71475b53-4783-4580-9331-7ea3063f61f4,水位,m,120.3150278,22.768,3972500RV1020,
高雄市政府水利局,高雄市,岡山區,八寶橋,b6471f4f-2dc5-46e9-85a4-34a00d53eac3,水位,m,120.272975,22.76992222,3972500RV1014,
高雄市政府水利局,高雄市,大寮區,拷潭橋,fab9cee1-1e60-4701-8428-9147d4c9c9bc,水位,m,120.3980833,22.58597222,3972500RV1031,
高雄市政府水利局,高雄市,彌陀區,中正西路,3b0538f2-0ac8-44f7-95c4-1f764814ba80,水位,m,120.2454278,22.78535833,3972500RV1001,
高雄市政府水利局,高雄市,湖內區,二號橋,8df98217-b2b5-4f23-a0a2-0d804ad36e41,水位,m,120.22513,22.87294,3972500RV1037,
高雄市政府水利局,高雄市,鳥松區,富田橋,2547641c-df08-46f8-b1f2-97a002aa6bdd,水位,m,120.37694,22.63965,3972500RV1025,
高雄市政府水利局,高雄市,大寮區,永芳一號橋,f7cedcb9-d1f3-47c1-8f50-9d248a9bf7a2,水位,m,120.39775,22.61313889,3972500RV1028,
高雄市政府水利局,高雄市,大寮區,會結橋,c3fc5b23-ddab-421f-8e1a-89edb926c628,水位,m,120.416,22.55475,3972500RV1032,
高雄市政府水利局,高雄市,大樹區,湖底橋,f467feaa-7ab3-45bc-9842-f70eb2e8191e,水位,m,120.416,22.65811111,3972500RV1010,
高雄市政府水利局,高雄市,橋頭區,過埤橋,08c8b193-64f4-4c73-98a6-e0d0a8f26be6,水位,m,120.26957,22.73263,3972500RV1018,
高雄市政府水利局,高雄市,阿蓮區,崙頂橋,783b8cd5-7315-414c-839e-052ba8867676,水位,m,120.30458,22.87722,3972500RV1036,
高雄市政府水利局,高雄市,岡山區,大明橋,d5db1f1a-caea-47e0-b8e7-df3e469fa4e1,水位,m,120.3104,22.77975556,3972500RV1023,
高雄市政府水利局,高雄市,大寮區,新厝橋,b511a9df-c67a-4954-bd69-680737a709e9,水位,m,120.41083,22.56131,3972500RV1035,
高雄市政府水利局,高雄市,梓官區,潭子底,75994ba0-59cf-40b4-bb48-4ea40aa38a41,水位,m,120.2721167,22.753525,3972500RV1004,
高雄市政府水利局,高雄市,仁武區,八涳橋,d2383855-a9a6-4fdc-886e-ef1bd3867a93,水位,m,120.341425,22.69228333,3972500RV1006,
高雄市政府水利局,高雄市,旗山區,旗陽橋,cf38d738-8e69-4e11-bb70-ab2e909bbbc1,水位,m,120.5070833,22.89025,3972500RV1029,
高雄市政府水利局,高雄市,旗山區,福德橋,49166169-aba6-461a-b27f-863304d55ca8,水位,m,120.4763056,22.85008333,3972500RV1009,
高雄市政府水利局,高雄市,旗山區,瑞峰橋,65b934e4-ee43-4427-b708-ea2627c3b576,水位,m,120.4835,22.89066667,3972500RV1015,
高雄市政府水利局,高雄市,岡山區,岡山橋,4c15526a-1655-4fd4-928d-4c303cbeedd9,水位,m,120.2877889,22.80516111,3972500RV1021,
高雄市政府水利局,高雄市,美濃區,永安橋,98db875b-62a0-43bb-a993-888dd43d9b1f,水位,m,120.5401417,22.89939444,3972500RV1008,
高雄市政府水利局,高雄市,旗山區,中洲路橋,0cef3266-3ecb-487e-8ca4-00c595f4f196,水位,m,120.4688611,22.8435,3972500RV1007,
高雄市政府水利局,高雄市,鳳山區,大東橋,1d277643-f6b6-42c5-be47-3454a26bf450,水位,m,120.3651111,22.62452778,3972500RV1019,
高雄市政府水利局,高雄市,岡山區,潭底橋,378d66c7-260b-4c7b-a4a8-c6a9c0c2a4d1,水位,m,120.3098972,22.82678611,3972500RV1002,
高雄市政府水利局,高雄市,美濃區,共和橋,eb951f58-e981-4050-bdba-4940251dd52d,水位,m,120.54175,22.8935,3972500RV1013,
高雄市政府水利局,高雄市,鳳山區,濟安橋,e9ea9b55-75e7-4ab9-a9a5-685f7efefd5a,水位,m,120.3765278,22.63619444,3972500RV1017,
高雄市政府水利局,高雄市,阿蓮區,九鬮橋,d2d9e3a4-7f51-42db-ba29-a17ae43b6bef,水位,m,120.3243444,22.858375,3972500RV1024,
高雄市政府水利局,高雄市,仁武區,中襽橋,ed58ea65-9c0a-4fb2-bc29-0b94e9774591,水位,m,120.3499972,22.69156111,3972500RV1011,
高雄市政府水利局,高雄市,永安區,新華路-無名橋,55a092b1-4c91-4648-86a3-80c46c625dae,水位,m,120.2377444,22.81149167,3972500RV1003,
高雄市政府水利局,高雄市,鳳山區,曹公圳-王母宮,7940831b-1019-4dd6-a1bb-651b70168d39,水位,m,120.3496167,22.63194444,3972500RV0014,
高雄市政府水利局,高雄市,楠梓區,廣昌排水-德民路,1186f13e-5fb4-44d8-8d2a-dc6e413123f0,水位,m,120.2776778,22.71855556,3972500RV0004,
高雄市政府水利局,高雄市,阿蓮區,田厝排水匯流口,bbe66bfb-8f08-4344-bcb8-ba207f805804,水位,m,120.3005778,22.83727222,3972500RV0003,
高雄市政府水利局,高雄市,大寮區,拷潭排水站,210ab49f-b43f-4eb2-b799-36a22725d75a,水位,m,120.3814417,22.58656111,3972500RV0012,
高雄市政府水利局,高雄市,永安區,淵源橋,64e65e8a-e1b8-4b1f-92eb-9bbf0e3e0b09,水位,m,120.2066,22.83233889,3972500RV0002,
高雄市政府水利局,高雄市,前鎮區,媽祖港橋,7311e49b-47ea-46e4-b594-d9be768666b8,水位,m,120.3226694,22.58881944,3972500RV0013,
高雄市政府水利局,高雄市,鼓山區,博愛橋,098e20cf-9dff-41e5-be0f-50fab8598b52,水位,m,120.3038361,22.65319167,3972500RV0010,
高雄市政府水利局,高雄市,鹽埕區,高雄橋,51dce3b3-0aef-400b-b618-6b5714584e8e,水位,m,120.290185,22.620679,3972500RV0008,
高雄市政府水利局,高雄市,美濃區,共榮橋,ea9fff84-382c-4752-a974-8680b6f490c7,水位,m,120.5554694,22.8846,3972500RV0001,
高雄市政府水利局,高雄市,仁武區,仁孝路橋,6a04804b-9f85-416c-ba58-133d236013fa,水位,m,120.35195,22.67613056,3972500RV0007,
高雄市政府水利局,高雄市,三民區,鼎新橋,63992579-2922-41d3-885f-adcbf1bb9010,水位,m,120.3147194,22.66868889,3972500RV0009,
高雄市政府水利局,高雄市,三民區,高雄圳,b5279a15-07fd-44dd-99c3-c26b59e989e8,水位,m,120.31225,22.65945,3972500RV0011,
高雄市政府水利局,高雄市,大社區,田中央橋,dbffc162-3539-443b-be46-25c49dd08fbe,水位,m,120.3560694,22.71961944,3972500RV0006,
高雄市政府水利局,高雄市,三民區,本和里滯洪池,71604dc7-729b-4c87-995a-27d77ca3a1ac,水位,m,120.3244389,22.65985556,3972500RV0016,
高雄市政府水利局,高雄市,大社區,大社排水,f77b1084-953d-45b6-851e-dc206170adee,水位,m,120.3604333,22.73571667,3972500RV0005,
高雄市政府水利局,高雄市,橋頭區,橋燕路,6eb950b3-520a-4e48-b284-a551e83b9def,水位,m,120.316422,22.760498,3972500FLXX021,
高雄市政府水利局,高雄市,路竹區,土庫排水及下坑排水匯流,35ca6070-3370-48d2-bed3-88e760209157,水位,m,120.298834,22.849397,3972500FLXX022,
宜蘭縣政府水利資源處,宜蘭縣,冬山鄉,武淵砂仔港上游(內),b389a09c-74ba-4c7b-9777-0a622e303f3f,水位,m,121.796581,24.655232,3764200RV20054,
宜蘭縣政府水利資源處,宜蘭縣,頭城鎮,大坑橋,3c793816-fdf9-4ffe-825d-b1226ce2fe6b,水位,m,121.8284453,24.8560768,3764200RV20123,
宜蘭縣政府水利資源處,宜蘭縣,五結鄉,二結排水門外水位,c117a938-0cdf-435b-b7b0-8bb21cb42b24,水位,m,121.811983,24.702598,3764200RV20003,替代原錦孝橋
宜蘭縣政府水利資源處,宜蘭縣,蘇澳鎮,海岸大橋,9e5c2052-cd45-4420-966c-2b431003892e,水位,m,121.800738,24.450916,3764200RV20147,
宜蘭縣政府水利資源處,宜蘭縣,礁溪鄉,朝陽14-1中排水門內水位,b8b8bd93-df41-4ccb-bf37-dbac0862f898,水位,m,121.8015079,24.8144807,3764200RV20102,
宜蘭縣政府水利資源處,宜蘭縣,礁溪鄉,十三股抽水站排水門內水位,501d243a-465e-4298-bae3-f6f6400ca526,水位,m,121.8144502,24.816897,3764200RV20084,
宜蘭縣政府水利資源處,宜蘭縣,頭城鎮,大坑罟防潮閘門外水位,d73dcf07-0f9d-4511-bc69-ecf5cb1ae7c0,水位,m,121.8273379,24.851891,3764200RV20053,
宜蘭縣政府水利資源處,宜蘭縣,壯圍鄉,美福右岸排水門3內水位,7cab35dc-6644-41c4-be93-9c04833c2896,水位,m,121.7943411,24.7284329,3764200RV20077,
宜蘭縣政府水利資源處,宜蘭縣,冬山鄉,林寶春左岸排水門1內水位,02cce50e-6d80-4e18-8002-7efe1a9281ba,水位,m,121.8071929,24.6560393,3764200RV20042,
宜蘭縣政府水利資源處,宜蘭縣,礁溪鄉,塭底九連排水門內水位,82181c45-561f-412e-9172-14651999763e,水位,m,121.8064097,24.8131551,3764200RV20047,
宜蘭縣政府水利資源處,宜蘭縣,五結鄉,平行水位站外水位,a25ee9cf-faff-4c51-8bf5-254f0415abc8,水位,m,121.830084,24.701619,3764200RV20045,
宜蘭縣政府水利資源處,宜蘭縣,五結鄉,二結排水門內水位,84a1f31c-1df9-4015-a2cc-e675f63f4ad4,水位,m,121.811987,24.702702,3764200RV200056,
宜蘭縣政府水利資源處,宜蘭縣,礁溪鄉,大塭A區排水門內水位,9730c836-55be-41bd-b583-cbfe6f0e7089,水位,m,121.7989022,24.8231,3764200RV20001,
宜蘭縣政府水利資源處,宜蘭縣,冬山鄉,林寶春左岸排水門1外水位,a4b4d11b-77fd-4733-a6a4-e9db13f10b03,水位,m,121.8073136,24.6560149,3764200RV20044,
宜蘭縣政府水利資源處,宜蘭縣,礁溪鄉,朝陽14-2中排水門內水位,61bd5f89-c44e-4f03-873c-af72fee639db,水位,m,121.8033761,24.8158102,3764200RV20109,
宜蘭縣政府水利資源處,宜蘭縣,壯圍鄉,舊港排水閘門內水位,9de52e9e-8ff2-4f25-9681-23dc6577d393,水位,m,121.8053227,24.7251341,3764200RV20061,
宜蘭縣政府水利資源處,宜蘭縣,頭城鎮,竹安第二排水門內水位,13a9bbeb-b841-436b-942e-d53e5d8734f2,水位,m,121.8227859,24.8394021,3764200RV20100,
宜蘭縣政府水利資源處,宜蘭縣,礁溪鄉,玉田排水門外水位,b9427823-1614-4f30-ad4a-e55e4428814a,水位,m,121.8013833,24.8142099,3764200RV20024,
宜蘭縣政府水利資源處,宜蘭縣,冬山鄉,A10出口(匯入照安溪),555c5407-be05-41c0-98d7-99a604e8df0e,水位,m,121.7887352,24.6342931,3764200RV20014,
宜蘭縣政府水利資源處,宜蘭縣,蘇澳鎮,無尾港閘門內,054a03af-681f-4252-ad92-b35e08abb1fe,水位,m,121.845081,24.630426,3764200RV20095,
宜蘭縣政府水利資源處,宜蘭縣,冬山鄉,珍珠排水門(內),ce1ab05d-91c1-402f-a73f-e79dfb894cf6,水位,m,121.7945633,24.6509746,3764200RV20074,
宜蘭縣政府水利資源處,宜蘭縣,壯圍鄉,美福左岸排水門1內水位,b711ef80-c20f-4ceb-a32c-6ebe0ac9f373,水位,m,121.8105374,24.7262792,3764200RV20105,
宜蘭縣政府水利資源處,宜蘭縣,冬山鄉,十六份五路橋,ff9b197a-fbe6-4528-abbc-4d7ad05f617b,水位,m,121.790275,24.665838,3764200RV20034,
宜蘭縣政府水利資源處,宜蘭縣,壯圍鄉,壯東大排自動水門1內水位,8d81df70-676d-4ec0-b7b8-6f133fe446dd,水位,m,121.8140198,24.755753,3764200RV20121,
宜蘭縣政府水利資源處,宜蘭縣,五結鄉,五股防潮閘門內水位,afcc5b58-f54e-4248-a8b8-d81486e84c33,水位,m,121.818975,24.673015,3764200RV20081,
宜蘭縣政府水利資源處,宜蘭縣,礁溪鄉,淇武蘭排水門內水位,d76ac89b-488e-4c75-b377-94cf3df49b10,水位,m,121.7785951,24.8060276,3764200RV20038,
宜蘭縣政府水利資源處,宜蘭縣,頭城鎮,四十甲六連排水門內水位,914ee24e-229a-4a99-9f2e-38b2cefd78b3,水位,m,121.818206,24.8346312,3764200RV20096,
宜蘭縣政府水利資源處,宜蘭縣,壯圍鄉,壯東大排自動水門1外水位,95086aa1-8563-4a77-bcba-b4acf68f7965,水位,m,121.8141002,24.7557591,3764200RV20113,
宜蘭縣政府水利資源處,宜蘭縣,礁溪鄉,礁溪防潮閘門外水位,2c736eea-1217-4ff8-b0df-456a4eec728d,水位,m,121.8188819,24.829802,3764200RV20082,
宜蘭縣政府水利資源處,宜蘭縣,頭城鎮,抵美簡圳六連排水門內水位,2479f72c-8635-4491-a45c-acd52ea5c094,水位,m,121.802342,24.829774,3764200RV20048,
宜蘭縣政府水利資源處,宜蘭縣,礁溪鄉,二龍河上游排水門內水位,61cc041a-25ea-4f22-b208-84ef4b663ba4,水位,m,121.7733729,24.8067982,3764200RV20037,
宜蘭縣政府水利資源處,宜蘭縣,冬山鄉,補城排水門內水位,d3661a2e-1579-486d-bfc1-04b0fb3f4889,水位,m,121.8104021,24.6481945,3764200RV20016,
宜蘭縣政府水利資源處,宜蘭縣,蘇澳鎮,D幹線D12,cabb6796-1bfa-4c2d-b3c2-11c2e7974813,水位,m,121.8464,24.6193,3764200RV20146,
宜蘭縣政府水利資源處,宜蘭縣,五結鄉,三結橋,47523ed7-6685-441d-bb90-b3e91a75d2c7,水位,m,121.780642,24.695205,3764200RV20068,
宜蘭縣政府水利資源處,宜蘭縣,宜蘭市,建業分洪道,022a471c-5e09-4413-80e6-0e9addb2a8ed,水位,m,121.761993,24.7302004,3764200RV20093,
宜蘭縣政府水利資源處,宜蘭縣,南澳鄉,澳尾橋,0ce260b3-9f03-4b11-ad55-a138b22d655c,水位,m,121.780286,24.449247,3764200RV20144,
宜蘭縣政府水利資源處,宜蘭縣,蘇澳鎮,蘇澳冷泉公園滯洪池,cd60a4d5-9097-421f-b59f-a77066afe76c,水位,m,121.849038,24.5985776,3764200RV20009,
宜蘭縣政府水利資源處,宜蘭縣,礁溪鄉,美福右岸排水門3外水位,08ff075b-f48e-4098-b131-0bcdb920ca03,水位,m,121.794392,24.7984962,3764200RV20063,
宜蘭縣政府水利資源處,宜蘭縣,礁溪鄉,民生排水門外水位,edb68716-805c-46f0-8a40-aca658ccc8c4,水位,m,121.7614257,24.8051718,3764200RV20128,
宜蘭縣政府水利資源處,宜蘭縣,礁溪鄉,礁溪防潮閘門內水位,cd853499-51e5-4856-a2db-6e23f204943b,水位,m,121.8189121,24.8297378,3764200RV20130,
宜蘭縣政府水利資源處,宜蘭縣,壯圍鄉,美福防潮閘站,0c262cdd-bfb8-457c-8f8d-f53e04bceeb3,水位,m,121.815623,24.7191346,3764200RV20129,
宜蘭縣政府水利資源處,宜蘭縣,壯圍鄉,新南橋站,905962aa-1c26-4851-b564-51300acc10ce,水位,m,121.8013,24.7250001,3764200RV20055,
宜蘭縣政府水利資源處,宜蘭縣,冬山鄉,冬山河橋,82274f83-ec81-4fb4-9d3a-04e77f53a199,水位,m,121.78707,24.639281,3764200RV20137,
宜蘭縣政府水利資源處,宜蘭縣,五結鄉,錦草水位站,198c78d4-680a-4d6b-ad41-b3d7f6db39a8,水位,m,121.821056,24.706284,3764200RV20069,
宜蘭縣政府水利資源處,宜蘭縣,頭城鎮,竹蘆六連排水門內水位,074563dd-c9a5-47dc-8216-3bef56f31b71,水位,m,121.8149967,24.8319079,3764200RV20035,
宜蘭縣政府水利資源處,宜蘭縣,壯圍鄉,社頭橋,567201c4-15ae-425a-815c-ea59d4116dd9,水位,m,121.811018,24.779507,3764200RV20133,
宜蘭縣政府水利資源處,宜蘭縣,壯圍鄉,美福大排防潮閘門外水位,6b88b8b6-5342-48e7-8695-0fdbbddeaa7c,水位,m,121.81775,24.719789,3764200RV20091,
宜蘭縣政府水利資源處,宜蘭縣,礁溪鄉,二龍河下游排水門內水位,7581f440-2f22-4926-ad5d-a7c0844be2eb,水位,m,121.7809394,24.8068469,3764200RV20108,
宜蘭縣政府水利資源處,宜蘭縣,蘇澳鎮,朝陽排水門內水位,e3f06a15-863c-422d-b90b-d1b434d99839,水位,m,121.8074906,24.4433893,3764200RV20057,
宜蘭縣政府水利資源處,宜蘭縣,宜蘭市,美福右岸排水門2內水位,88c535cd-e973-40e1-86db-133427432c5f,水位,m,121.7755455,24.7355721,3764200RV20062,
宜蘭縣政府水利資源處,宜蘭縣,五結鄉,隆恩排水門內水位,53a1fe12-bdb9-41e6-a3fb-9d4110651df6,水位,m,121.8125593,24.6532018,3764200RV20041,
宜蘭縣政府水利資源處,宜蘭縣,冬山鄉,武淵排水門(內),daf06457-e815-4ca7-b9d8-1be224bac9c2,水位,m,121.802239,24.660456,3764200RV20131,
宜蘭縣政府水利資源處,宜蘭縣,礁溪鄉,武暖排水門外水位,3dd4c251-7388-48e4-8853-7bde80615888,水位,m,121.7801498,24.8049947,3764200RV20066,
宜蘭縣政府水利資源處,宜蘭縣,壯圍鄉,壯東大排自動水門3內水位,1497fbed-4ba2-475c-a434-d92f2a6c8d42,水位,m,121.8141465,24.7616001,3764200RV20114,
宜蘭縣政府水利資源處,宜蘭縣,礁溪鄉,柴圍排水門外水位,69b85d6e-56af-426d-8803-477a0af9ff40,水位,m,121.7613968,24.801376,3764200RV20111,
宜蘭縣政府水利資源處,宜蘭縣,礁溪鄉,玉田水位站,15d46776-dcb2-4393-91d0-703d7c62a3b3,水位,m,121.7864004,24.8065,3764200RV20004,
宜蘭縣政府水利資源處,宜蘭縣,壯圍鄉,舊港排水閘門外水位,63ba3cf0-bb16-4792-be67-167052d5b49e,水位,m,121.805371,24.725083,3764200RV20089,
宜蘭縣政府水利資源處,宜蘭縣,頭城鎮,砂仔港防潮閘門內水位,099a9ac5-5416-4529-82be-cc0adbd582e5,水位,m,121.8006898,24.8263024,3764200RV20094,
宜蘭縣政府水利資源處,宜蘭縣,頭城鎮,福德坑溪排水門外水位,82d1f0f4-c8c1-468b-8333-2bc1491b315e,水位,m,121.825214,24.8472989,3764200RV20117,
宜蘭縣政府水利資源處,宜蘭縣,冬山鄉,林寶春防潮閘門外水位,9a56725e-5203-4e36-b91d-807e03a95500,水位,m,121.811344,24.664205,3764200RV20036,
宜蘭縣政府水利資源處,宜蘭縣,五結鄉,民生排水門內水位,02b9846a-d4c5-436a-8664-301c115f1d59,水位,m,121.811987,24.702702,3764200RV20092,
宜蘭縣政府水利資源處,宜蘭縣,五結鄉,平行左岸排水門1內水位,53a41a38-0fad-4e59-a5eb-7b1400150e97,水位,m,121.824765,24.697273,3764200RV20151,
宜蘭縣政府水利資源處,宜蘭縣,宜蘭市,美福右岸排水門1外水位,eccb37bc-39cb-43d9-8ec3-00ea2015a574,水位,m,121.7686898,24.7365179,3764200RV20043,
宜蘭縣政府水利資源處,宜蘭縣,頭城鎮,福德坑溪排水門內水位,ef60063b-2078-4d40-bfa7-05595358cd6e,水位,m,121.825168,24.8472919,3764200RV20086,
宜蘭縣政府水利資源處,宜蘭縣,頭城鎮,三十五甲六連排水門內水位,31404448-8944-4742-8c2d-7bb95a6981ed,水位,m,121.8210921,24.8396309,3764200RV20065,
宜蘭縣政府水利資源處,宜蘭縣,蘇澳鎮,無尾港舊閘門,87126009-b574-4278-9b3f-ca6919dab903,水位,m,121.855632,24.615924,3764200RV20010,
宜蘭縣政府水利資源處,宜蘭縣,壯圍鄉,新興水位站內水位,6dfc3a75-30d5-4761-8b17-48564c48f430,水位,m,121.816764,24.7203808,3764200RV20124,
宜蘭縣政府水利資源處,宜蘭縣,礁溪鄉,時潮水位站,158cc742-e61d-470e-bb1b-f6a2951e2f7d,水位,m,121.8014006,24.8049003,3764200RV20021,
宜蘭縣政府水利資源處,宜蘭縣,壯圍鄉,古亭水位站,46bc3bc3-d961-4b5c-980b-bcad6f56a733,水位,m,121.8033278,24.793241,3764200RV20029,
宜蘭縣政府水利資源處,宜蘭縣,壯圍鄉,壯東大排自動水門3外水位,94ee505f-1d8a-475f-82ec-1c3807749859,水位,m,121.8142387,24.7616403,3764200RV20031,
宜蘭縣政府水利資源處,宜蘭縣,五結鄉,五結防潮閘門外水位,a67283c7-48ba-470a-9d9a-6ce8b58c6f6f,水位,m,121.832618,24.692567,3764200RV20104,
宜蘭縣政府水利資源處,宜蘭縣,礁溪鄉,民權一中排水門外水位,518065c9-dc9a-427e-83e4-6e2cdc97fbbc,水位,m,121.7857305,24.8075782,3764200RV20030,
宜蘭縣政府水利資源處,宜蘭縣,五結鄉,鎮河廟旁三排水門內水位,1a61edb3-93d3-4142-a2eb-d36b64894418,水位,m,121.823552,24.677257,3764200RV20049,
宜蘭縣政府水利資源處,宜蘭縣,蘇澳鎮,R4A閘門處,2896dc4c-e2ff-4775-8964-9e7f3a90fedc,水位,m,121.8467035,24.5945056,3764200RV20101,
宜蘭縣政府水利資源處,宜蘭縣,冬山鄉,武淵排水門(外),0556f922-933e-4afc-8927-5076ce8687f0,水位,m,121.802365,24.660506,3764200RV20064,
宜蘭縣政府水利資源處,宜蘭縣,蘇澳鎮,無尾港閘門外,eabd7dfc-598b-4a40-b33a-276e37c7cbf9,水位,m,121.845171,24.630552,3764200RV20110,
宜蘭縣政府水利資源處,宜蘭縣,壯圍鄉,古亭排水閘門內水位,9d9d63fa-2078-4640-9588-4cb607592cb2,水位,m,121.8064418,24.7941894,3764200RV20012,
宜蘭縣政府水利資源處,宜蘭縣,五結鄉,平行左岸排水門1外水位,fcd0f7e6-134c-43fb-863f-ac0d5127c1e4,水位,m,121.824865,24.697227,3764200RV20152,
宜蘭縣政府水利資源處,宜蘭縣,壯圍鄉,公館橋,15e2cf58-9e14-4fe0-a722-74771797923c,水位,m,121.8169896,24.7356196,3764200RV20078,
宜蘭縣政府水利資源處,宜蘭縣,五結鄉,茅仔寮排水門外水位,60d96ec5-3958-4f84-aa03-2ddac172e839,水位,m,121.825682,24.704906,3764200RV20005,
宜蘭縣政府水利資源處,宜蘭縣,壯圍鄉,車路頭橋,a7567de3-3562-4332-9101-2a4ae975f719,水位,m,121.8067691,24.795055,3764200RV20107,
宜蘭縣政府水利資源處,宜蘭縣,壯圍鄉,四結田仔橋站一,94c41d57-5ba5-42c9-ad1b-d9d7c7d5b407,水位,m,121.8092997,24.7251999,3764200RV20033,
宜蘭縣政府水利資源處,宜蘭縣,礁溪鄉,二十五連防潮閘門內水位,cf6e9e6c-f278-4af2-912b-8efa124f89bd,水位,m,121.813029,24.829715,3764200RV20032,
宜蘭縣政府水利資源處,宜蘭縣,五結鄉,茅仔寮排水門內水位,9141be7c-d953-4c40-b6dc-9ff0bf897a86,水位,m,121.825626,24.704907,3764200RV20019,
宜蘭縣政府水利資源處,宜蘭縣,蘇澳鎮,R幹線出口,3e0f3511-73fb-474f-a8f1-bf8c90ebb68c,水位,m,121.8534006,24.5943998,3764200RV20026,
宜蘭縣政府水利資源處,宜蘭縣,五結鄉,平行排水手動水門右岸4外水位,8cfa3281-ae93-49c2-b76e-78f024f8fb95,水位,m,121.829683,24.700933,3764200RV20028,
宜蘭縣政府水利資源處,宜蘭縣,礁溪鄉,蚵白溝釣鱉橋,ee576262-b64b-4765-b6cf-9b742bddf6e8,水位,m,121.7989022,24.8231,3764200RV20006,
宜蘭縣政府水利資源處,宜蘭縣,頭城鎮,二十五連防潮閘門外水位,89c47266-d1bb-4e7e-8c40-722fd7b0ff58,水位,m,121.8124835,24.8300257,3764200RV20051,
宜蘭縣政府水利資源處,宜蘭縣,壯圍鄉,大富排水門外水位,afb2f3a3-a983-4a7e-b912-912deceb09a1,水位,m,121.8160683,24.8073199,3764200RV20120,
宜蘭縣政府水利資源處,宜蘭縣,冬山鄉,林寶春防潮閘門內水位,3fdd5749-64f1-46c6-84ed-87fdd464af38,水位,m,121.811122,24.66411,3764200RV20070,
宜蘭縣政府水利資源處,宜蘭縣,頭城鎮,竹安第一排水門內水位,fa40e31f-5699-4cb2-8ed9-b291d526f2ff,水位,m,121.8187559,24.8249806,3764200RV20060,
宜蘭縣政府水利資源處,宜蘭縣,頭城鎮,十三股抽水站排水門外水位,3baf8f82-fa29-4287-9069-9d0a2720ec48,水位,m,121.8146283,24.8170629,3764200RV20098,
宜蘭縣政府水利資源處,宜蘭縣,五結鄉,平行水位站內水位,c4ab394a-8875-469b-989c-8bbd567d7732,水位,m,121.829941,24.701452,3764200RV20015,
宜蘭縣政府水利資源處,宜蘭縣,冬山鄉,零工圍橋,85e457e8-b710-40e9-bc78-d9fcfa14b063,水位,m,121.762331,24.635809,3764200RV20141,
宜蘭縣政府水利資源處,宜蘭縣,礁溪鄉,武暖排水門內水位,44b9487d-a022-42f3-b896-e68dcabb1aa5,水位,m,121.78,24.804855,3764200RV20085,
宜蘭縣政府水利資源處,宜蘭縣,壯圍鄉,美福左岸排水門2內水位,e4d82262-2b96-47fe-8604-e8936b5275d5,水位,m,121.8030006,24.7258005,3764200RV20122,
宜蘭縣政府水利資源處,宜蘭縣,蘇澳鎮,無尾港水田2,517e897d-ddc3-4b37-94fb-b6d0b66b1a5b,水位,m,121.855321,24.614736,3764200RV20150,
宜蘭縣政府水利資源處,宜蘭縣,羅東鎮,羅莊排水出口(E幹線),c98871c6-7c69-41d0-ab01-cb1ad613783d,水位,m,121.7777,24.6686,3764200RV20126,
宜蘭縣政府水利資源處,宜蘭縣,頭城鎮,金面橋,45aaa0ae-e502-44ff-b650-884fe9f0b569,水位,m,121.814211,24.848604,3764200RV20134,
宜蘭縣政府水利資源處,宜蘭縣,五結鄉,五結防潮閘門旁小抽水機2台內水位,21a84888-3f81-4939-b40b-1908b70eb9f4,水位,m,121.834732,24.691865,3764200RV20007,
宜蘭縣政府水利資源處,宜蘭縣,宜蘭市,V分洪道出口,e1131c50-0aa3-470b-b38b-7fbc6acbd04a,水位,m,121.755848,24.7428431,3764200RV20023,
宜蘭縣政府水利資源處,宜蘭縣,礁溪鄉,朝陽19中排水門內水位,ce8bc583-e6de-4be3-9f4a-3b39239c9e59,水位,m,121.8091911,24.8138928,3764200RV20013,
宜蘭縣政府水利資源處,宜蘭縣,礁溪鄉,砂仔港防潮閘門外水位,2c072e72-7cf5-4738-a99a-02f05450d435,水位,m,121.800722,24.8260565,3764200RV20072,
宜蘭縣政府水利資源處,宜蘭縣,冬山鄉,武淵砂仔港下游(內),a1086198-3662-423d-9006-e8c54e3bab39,水位,m,121.797145,24.606101,3764200RV20052,
宜蘭縣政府水利資源處,宜蘭縣,宜蘭市,美福右岸排水門1內水位,6d99b98c-9ac6-4ed7-b896-575a6e9f9ecf,水位,m,121.7686529,24.7364369,3764200RV20050,
宜蘭縣政府水利資源處,宜蘭縣,壯圍鄉,新港橋,8d39605d-2c50-4213-9505-cb30afc9e423,水位,m,121.77591,24.73566,3764200RV20142,
宜蘭縣政府水利資源處,宜蘭縣,宜蘭市,I幹線出口,ccf80ada-e592-40d5-9197-1281512a9a6c,水位,m,121.7596041,24.7435708,3764200RV20118,
宜蘭縣政府水利資源處,宜蘭縣,宜蘭市,溪洲三號橋,cbbe714c-f18c-4ba2-b686-7a88c002a112,水位,m,121.759874,24.720875,3764200RV20103,
宜蘭縣政府水利資源處,宜蘭縣,頭城鎮,竹蘆六連排水門外水位,2c7e554e-7d81-49a7-a1c8-36afd9a49063,水位,m,121.815035,24.8318221,3764200RV20076,
宜蘭縣政府水利資源處,宜蘭縣,蘇澳鎮,無尾港水田12,8ac2f92a-4654-4cb1-b860-3d870bee7c56,水位,m,121.852827,24.616918,3764200RV20149,
宜蘭縣政府水利資源處,宜蘭縣,五結鄉,大吉排水門外水位,7e806170-2277-4e69-be17-a0b0143f1d02,水位,m,121.804613,24.699673,3764200RV20115,
宜蘭縣政府水利資源處,宜蘭縣,頭城鎮,C13出口(匯入福德坑溪),49d040fb-8577-4f7a-8812-3a4dcf756522,水位,m,121.824911,24.848244,3764200RV20145,
宜蘭縣政府水利資源處,宜蘭縣,冬山鄉,林和源六路橋,fc5d4b7c-728f-4d83-8095-d5b9acf21a64,水位,m,121.813619,24.658479,3764200RV20140,
宜蘭縣政府水利資源處,宜蘭縣,礁溪鄉,朝陽22中排水門內水位,0bdf0b02-e2b8-4465-a122-28f31d9978c9,水位,m,121.8143396,24.8167875,3764200RV20073,
宜蘭縣政府水利資源處,宜蘭縣,五結鄉,五結防潮閘門內水位,d91f525f-6486-44ae-a01f-b2a4b8302c02,水位,m,121.832501,24.692594,3764200RV20039,
宜蘭縣政府水利資源處,宜蘭縣,員山鄉,蜊埤路口排水門外水位,7e9688f1-6d88-4ac8-a840-6cef9978192d,水位,m,121.6980135,24.7520269,3764200RV20027,
宜蘭縣政府水利資源處,宜蘭縣,宜蘭市,農排(觀測水位),d7234550-51c3-41df-9cd3-5061ca74c167,水位,m,121.7601013,24.7561994,3764200RV20080,
宜蘭縣政府水利資源處,宜蘭縣,頭城鎮,大坑罟防潮閘門內水位,9d3b0cb6-6963-498d-8445-cc448cd2d543,水位,m,121.827356,24.8519241,3764200RV20112,
宜蘭縣政府水利資源處,宜蘭縣,壯圍鄉,壯東大排自動水門2內水位,8ce73ab9-4703-429a-9415-e478cb612b72,水位,m,121.8140124,24.7579056,3764200RV20090,
宜蘭縣政府水利資源處,宜蘭縣,冬山鄉,補城排水門外水位,5c3833eb-405c-4b31-8e0f-eae6edd7067b,水位,m,121.81061,24.6481434,3764200RV20083,
宜蘭縣政府水利資源處,宜蘭縣,礁溪鄉,民生一號橋,1330c9d2-d8ee-4a50-b6c6-579e5c0fbcad,水位,m,121.7772996,24.8036002,3764200RV20119,
宜蘭縣政府水利資源處,宜蘭縣,壯圍鄉,美福大排防潮閘門內水位,6d629181-6ed2-4981-92a4-b659a56c01c4,水位,m,121.8176461,24.719331,3764200RV20088,
宜蘭縣政府水利資源處,宜蘭縣,五結鄉,實踐排水門外水位,13d02abd-fb70-4ce9-90cb-8cbda0bd2663,水位,m,121.7796751,24.701452,3764200RV20017,
宜蘭縣政府水利資源處,宜蘭縣,礁溪鄉,實踐排水門內水位,0d0b302b-5856-4560-a2fb-36fc57cd4386,水位,m,121.7798052,24.8022315,3764200RV20067,
宜蘭縣政府水利資源處,宜蘭縣,冬山鄉,東螺排水(F幹線出口),39c7abd0-4bc3-4d5c-b93d-1cf115d0ddba,水位,m,121.7768836,24.6680327,3764200RV20127,
宜蘭縣政府水利資源處,宜蘭縣,礁溪鄉,玉龍橋,cadef293-c8b8-43a3-b1f1-13f8feb05c9b,水位,m,121.791261,24.809021,3764200RV20139,
宜蘭縣政府水利資源處,宜蘭縣,礁溪鄉,朝陽14-3中排水門內水位,aea9b7ae-f51b-4240-91a7-32156e15cad9,水位,m,121.8055272,24.8147035,3764200RV20079,
宜蘭縣政府水利資源處,宜蘭縣,蘇澳鎮,白米橋,f37784fd-2a7a-489e-9448-325f88dd0ad9,水位,m,121.85379,24.596201,3764200RV20135,
宜蘭縣政府水利資源處,宜蘭縣,壯圍鄉,壯東大排自動水門2外水位,93efaa17-0fae-4044-94b5-8b671668d0b1,水位,m,121.8141431,24.7579092,3764200RV20099,
宜蘭縣政府水利資源處,宜蘭縣,礁溪鄉,朝陽19-1中排水門內水位,72774032-85ef-470f-8603-c28cc29cfc9b,水位,m,121.8074651,24.8129762,3764200RV20058,
宜蘭縣政府水利資源處,宜蘭縣,壯圍鄉,大富排水門內水位,e180e638-3a51-4fd2-920e-33e115500f88,水位,m,121.8160649,24.807259,3764200RV20097,
宜蘭縣政府水利資源處,宜蘭縣,冬山鄉,C幹線出口,44e0a58e-8671-4961-86ed-f6d66915815b,水位,m,121.7751995,24.662002,3764200RV20075,
宜蘭縣政府水利資源處,宜蘭縣,礁溪鄉,王通塭二連排水門內水位,e5c72f3b-dd3d-4dc2-b794-37ef91a803ab,水位,m,121.8167603,24.8302082,3764200RV20046,
宜蘭縣政府水利資源處,宜蘭縣,冬山鄉,三奇橋,0dfe071a-64a3-403d-99b5-05184bc3af32,水位,m,121.8137401,24.6437102,3764200RV20020,
宜蘭縣政府水利資源處,宜蘭縣,,A4-5下游明渠,ee122d48-31ce-42e1-9020-2b7c7ac0acab,水位,m,121.9340394,24.8585799,3764200RV20087,
宜蘭縣政府水利資源處,宜蘭縣,礁溪鄉,柴圍排水門內水位,f4c98d9b-7691-4d1f-916d-0590e40eb45b,水位,m,121.7611782,24.8012987,3764200RV20116,
宜蘭縣政府水利資源處,宜蘭縣,冬山鄉,北富北側溝排水門外水位,c6bf4bd2-d5ae-4117-a9de-c323807e2c52,水位,m,121.81189,24.669109,3764200RV20022,
宜蘭縣政府水利資源處,宜蘭縣,礁溪鄉,七結橋,848b2454-7a4c-46ba-b949-cb11f1e7d19d,水位,m,121.77244,24.806224,3764200RV20132,
宜蘭縣政府水利資源處,宜蘭縣,五結鄉,五股橋,2cec3b41-7502-43a7-aeb8-2fb43a367b6e,水位,m,121.818415,24.688285,3764200RV20040,
宜蘭縣政府水利資源處,宜蘭縣,礁溪鄉,塭底九連排水門外水位,7be4ad0e-6d16-4213-a296-a86f039d3a32,水位,m,121.8064767,24.8131843,3764200RV20125,
宜蘭縣政府水利資源處,宜蘭縣,五結鄉,大吉排水門內水位,25bb716d-8eb4-4497-a742-1c0bdeb87630,水位,m,121.804555,24.699724,3764200RV20025,
宜蘭縣政府水利資源處,宜蘭縣,冬山鄉,北富北側溝排水門內水位,23ac7443-3e5a-45dd-8658-d7ca5ae7e870,水位,m,121.811917,24.668985,3764200RV20106,
宜蘭縣政府水利資源處,宜蘭縣,壯圍鄉,美福右岸排水門4內水位,a426d69b-6de0-4163-a98c-8852d00f8a6f,水位,m,121.8013725,24.725876,3764200RV20018,
宜蘭縣政府水利資源處,宜蘭縣,五結鄉,五股第二防潮閘門內水位,825df202-8f43-4b02-97fc-dee358d6ca36,水位,m,121.81917,24.666521,3764200RV20059,
宜蘭縣政府水利資源處,宜蘭縣,頭城鎮,中崙橋,354e38ef-e9e7-4060-b894-a3ed3871276f,水位,m,121.801917,24.8294,3764200RV20136,
宜蘭縣政府水利資源處,宜蘭縣,頭城鎮,B16出口匯入北門溪,97acf648-5a2f-4d4f-91dc-00747b9509a0,水位,m,121.826483,24.85906,3764200RV20011,
宜蘭縣政府水利資源處,宜蘭縣,壯圍鄉,美福右岸排水門5內水位,32d5425b-c0ad-45b6-a32f-08f86fb19fb9,水位,m,121.8159449,24.7197473,3764200RV20071,
宜蘭縣政府水利資源處,宜蘭縣,蘇澳鎮,無尾港湧泉2,eb0a18ad-627b-460b-8801-483db8528c99,水位,m,121.857625,24.613316,3764200RV20148,
宜蘭縣政府水利資源處,宜蘭縣,五結鄉,五股防潮閘門外水位,c07f9fed-6060-48e0-a0db-76d976a88c01,水位,m,121.818961,24.673043,3764200RV20002,
宜蘭縣政府水利資源處,宜蘭縣,礁溪鄉,玉田排水門內水位,487bbcbb-16cb-4ac9-b751-5fc6296132c6,水位,m,121.801056,24.813908,3764200RV20008,
宜蘭縣政府水利資源處,宜蘭縣,五結鄉,傳藝大橋,7f2fe6ad-ccaf-46f1-a5e5-c17f363c0638,水位,m,121.823001,24.682112,3764200RV20138,
宜蘭縣政府水利資源處,宜蘭縣,宜蘭市,凱旋橋,c7d0fa21-0365-4017-bc2b-cb5558a78c87,水位,m,121.760902,24.73841,3764200RV20143,
