{
    "name": "jsPanel",
    "title": "jQuery jsPanel",
    "description": "jQuery plugin to create highly configurable multifunctional floating panels for use in backend solutions and other web applications.",
    "keywords": [
        "jsPanel",
        "panel",
        "ui",
		"layout",
		"popup",
        "widget",
        "window"
    ],
    "version": "1.11.0",
    "author": {
        "name": "Stefan Straesser",
        "url": "http://stefanstraesser.eu/",
        "email": "info@jspanel.de"
    },
    "licenses": [
        {
            "type": "GPL-3.0",
            "url": "http://www.gnu.org/licenses/gpl.html"
        }
    ],
    "homepage": "https://github.com/Flyer53/jsPanel",
    "docs": "http://jspanel.de/api.html",
    "demo": "http://jspanel.de/",
    "dependencies": {
        "jquery": ">=1.7",
        "jquery ui": ">=1.9"
    }
}